filename,width,height,class,xmin,ymin,xmax,ymax
00001.jpg,550,412,car,5,304,56,333
00001.jpg,550,412,car,45,321,99,363
00001.jpg,550,412,car,81,316,137,352
00001.jpg,550,412,car,100,272,147,304
00001.jpg,550,412,car,115,299,176,342
00001.jpg,550,412,car,145,296,203,331
00001.jpg,550,412,car,147,263,204,291
00001.jpg,550,412,car,200,277,257,310
00001.jpg,550,412,car,252,270,311,302
00001.jpg,550,412,car,481,293,547,325
00001.jpg,550,412,car,403,290,468,317
00001.jpg,550,412,car,367,303,438,339
00001.jpg,550,412,car,429,314,506,357
00001.jpg,550,412,car,387,339,472,389
00001.jpg,550,412,car,289,328,358,376
00001.jpg,550,412,car,339,375,413,410
00001.jpg,550,412,car,232,356,302,400
00001.jpg,550,412,car,190,367,281,411
00004.jpg,1000,624,car,1,10,70,52
00004.jpg,1000,624,car,1,33,59,85
00004.jpg,1000,624,car,38,25,123,74
00004.jpg,1000,624,car,50,1,143,45
00004.jpg,1000,624,car,111,2,216,76
00004.jpg,1000,624,car,190,11,281,67
00004.jpg,1000,624,car,252,9,344,60
00004.jpg,1000,624,car,329,9,416,58
00004.jpg,1000,624,car,383,1,486,51
00004.jpg,1000,624,car,453,1,550,47
00004.jpg,1000,624,car,514,1,617,43
00004.jpg,1000,624,car,14,124,112,187
00004.jpg,1000,624,car,24,90,124,151
00004.jpg,1000,624,car,96,65,202,135
00004.jpg,1000,624,car,92,112,206,178
00004.jpg,1000,624,car,168,111,267,169
00004.jpg,1000,624,car,173,73,275,135
00004.jpg,1000,624,car,250,59,356,131
00004.jpg,1000,624,car,311,101,415,160
00004.jpg,1000,624,car,311,101,415,160
00004.jpg,1000,624,car,316,42,426,115
00004.jpg,1000,624,car,393,43,496,109
00004.jpg,1000,624,car,478,40,577,108
00004.jpg,1000,624,car,546,42,656,105
00004.jpg,1000,624,car,610,40,715,95
00004.jpg,1000,624,car,680,35,795,88
00004.jpg,1000,624,car,744,17,857,83
00004.jpg,1000,624,car,827,7,923,65
00004.jpg,1000,624,car,886,1,987,52
00004.jpg,1000,624,car,886,1,987,52
00004.jpg,1000,624,car,386,73,498,149
00004.jpg,1000,624,car,473,83,569,143
00004.jpg,1000,624,car,536,76,646,137
00004.jpg,1000,624,car,611,70,719,130
00004.jpg,1000,624,car,682,65,790,120
00004.jpg,1000,624,car,752,38,863,110
00004.jpg,1000,624,car,841,52,935,99
00004.jpg,1000,624,car,900,21,995,93
00004.jpg,1000,624,car,1,198,72,263
00004.jpg,1000,624,car,1,209,71,314
00004.jpg,1000,624,car,32,215,145,299
00004.jpg,1000,624,car,55,189,165,264
00004.jpg,1000,624,car,113,205,221,286
00004.jpg,1000,624,car,133,167,243,250
00004.jpg,1000,624,car,225,182,332,246
00004.jpg,1000,624,car,211,196,330,288
00004.jpg,1000,624,car,307,171,424,239
00004.jpg,1000,624,car,302,195,416,275
00004.jpg,1000,624,car,392,204,515,277
00004.jpg,1000,624,car,403,148,514,227
00004.jpg,1000,624,car,464,171,606,265
00004.jpg,1000,624,car,477,142,586,218
00004.jpg,1000,624,car,542,161,677,250
00004.jpg,1000,624,car,556,150,678,217
00004.jpg,1000,624,car,646,180,755,243
00004.jpg,1000,624,car,640,122,760,205
00004.jpg,1000,624,car,725,137,836,201
00004.jpg,1000,624,car,721,168,844,236
00004.jpg,1000,624,car,779,117,909,182
00004.jpg,1000,624,car,804,164,927,232
00004.jpg,1000,624,car,866,116,988,177
00004.jpg,1000,624,car,880,155,995,221
00004.jpg,1000,624,car,8,309,144,412
00004.jpg,1000,624,car,101,299,232,393
00004.jpg,1000,624,car,200,309,337,392
00004.jpg,1000,624,car,281,275,430,376
00004.jpg,1000,624,car,401,275,532,368
00004.jpg,1000,624,car,490,283,615,357
00004.jpg,1000,624,car,575,277,711,353
00004.jpg,1000,624,car,668,270,802,345
00004.jpg,1000,624,car,743,259,885,331
00004.jpg,1000,624,car,833,249,969,320
00004.jpg,1000,624,car,1,362,118,471
00004.jpg,1000,624,car,90,354,227,453
00004.jpg,1000,624,car,188,338,331,446
00004.jpg,1000,624,car,290,349,423,432
00004.jpg,1000,624,car,372,336,503,418
00004.jpg,1000,624,car,486,331,615,414
00004.jpg,1000,624,car,576,322,712,401
00004.jpg,1000,624,car,672,313,810,392
00004.jpg,1000,624,car,757,306,890,384
00004.jpg,1000,624,car,844,300,983,367
00004.jpg,1000,624,car,48,511,189,590
00004.jpg,1000,624,car,178,475,317,580
00004.jpg,1000,624,car,277,474,424,570
00004.jpg,1000,624,car,389,464,547,562
00004.jpg,1000,624,car,497,457,658,557
00004.jpg,1000,624,car,607,446,763,538
00004.jpg,1000,624,car,679,426,855,526
00004.jpg,1000,624,car,679,426,855,526
00004.jpg,1000,624,car,790,420,960,515
00004.jpg,1000,624,car,142,534,287,622
00004.jpg,1000,624,car,253,526,436,622
00004.jpg,1000,624,car,395,518,540,620
00004.jpg,1000,624,car,473,481,654,614
00004.jpg,1000,624,car,611,504,770,599
00004.jpg,1000,624,car,718,483,863,586
00005.jpg,468,285,car,86,130,150,156
00005.jpg,468,285,car,224,144,299,174
00005.jpg,468,285,car,224,144,299,174
00005.jpg,468,285,car,23,157,98,192
00005.jpg,468,285,car,123,178,186,208
00008.jpg,640,425,car,22,219,92,248
00008.jpg,640,425,car,86,227,151,254
00008.jpg,640,425,car,122,224,181,256
00008.jpg,640,425,car,129,229,209,256
00008.jpg,640,425,car,158,230,243,262
00008.jpg,640,425,car,226,228,315,272
00008.jpg,640,425,car,285,226,390,277
00008.jpg,640,425,car,337,230,455,289
00010.jpg,830,623,car,16,343,89,375
00010.jpg,830,623,car,26,349,121,385
00010.jpg,830,623,car,38,359,173,401
00010.jpg,830,623,car,237,347,310,372
00010.jpg,830,623,car,268,351,352,382
00010.jpg,830,623,car,310,356,419,391
00010.jpg,830,623,car,380,349,457,378
00010.jpg,830,623,car,425,355,503,385
00010.jpg,830,623,car,462,354,561,388
00010.jpg,830,623,car,575,337,637,367
00010.jpg,830,623,car,604,339,678,372
00010.jpg,830,623,car,674,346,757,378
00014.jpg,550,407,car,194,215,250,241
00014.jpg,550,407,car,218,221,277,251
00014.jpg,550,407,car,238,228,291,263
00014.jpg,550,407,car,257,247,321,280
00014.jpg,550,407,car,314,229,367,256
00014.jpg,550,407,car,344,234,403,270
00014.jpg,550,407,car,295,264,351,295
00014.jpg,550,407,car,382,250,439,289
00014.jpg,550,407,car,415,264,476,306
00014.jpg,550,407,car,316,275,388,320
00014.jpg,550,407,car,362,293,429,341
00014.jpg,550,407,car,394,305,483,373
00014.jpg,550,407,car,470,332,547,401
00014.jpg,550,407,car,468,280,527,323
00014.jpg,550,407,car,9,267,91,309
00014.jpg,550,407,car,23,279,117,328
00014.jpg,550,407,car,25,300,127,356
00014.jpg,550,407,car,19,314,168,401
00017.jpg,384,364,car,1,235,64,307
00017.jpg,384,364,car,101,152,193,214
00017.jpg,384,364,car,162,165,249,230
00017.jpg,384,364,car,228,155,317,237
00017.jpg,384,364,car,285,167,380,253
00017.jpg,384,364,car,23,244,138,331
00017.jpg,384,364,car,90,260,207,351
00018.jpg,640,426,car,49,232,108,257
00018.jpg,640,426,car,36,374,93,405
00018.jpg,640,426,car,157,227,212,254
00018.jpg,640,426,car,151,325,205,353
00018.jpg,640,426,car,146,374,202,400
00018.jpg,640,426,car,143,399,201,425
00018.jpg,640,426,car,216,229,271,255
00018.jpg,640,426,car,219,258,272,285
00018.jpg,640,426,car,211,305,272,329
00018.jpg,640,426,car,219,347,276,376
00018.jpg,640,426,car,212,373,272,401
00018.jpg,640,426,car,207,397,268,424
00018.jpg,640,426,car,324,303,381,330
00018.jpg,640,426,car,324,326,381,351
00018.jpg,640,426,car,327,372,384,399
00018.jpg,640,426,car,388,324,445,354
00018.jpg,640,426,car,390,348,446,380
00018.jpg,640,426,car,497,309,556,333
00018.jpg,640,426,car,501,351,561,378
00018.jpg,640,426,car,500,374,556,401
00018.jpg,640,426,car,550,192,600,221
00019.jpg,600,452,car,1,185,95,225
00019.jpg,600,452,car,42,200,140,234
00019.jpg,600,452,car,74,193,189,241
00019.jpg,600,452,car,91,203,200,247
00019.jpg,600,452,car,119,197,256,256
00019.jpg,600,452,car,164,205,297,266
00019.jpg,600,452,car,233,207,363,276
00019.jpg,600,452,car,296,224,436,291
00019.jpg,600,452,car,389,232,544,307
00019.jpg,600,452,car,489,241,593,339
00019.jpg,600,452,car,256,191,357,238
00019.jpg,600,452,car,334,188,419,223
00019.jpg,600,452,car,361,210,448,252
00019.jpg,600,452,car,431,199,538,260
00019.jpg,600,452,car,513,195,591,236
00019.jpg,600,452,car,426,198,490,229
00019.jpg,600,452,car,503,226,592,279
00019.jpg,600,452,car,379,199,440,229
00019.jpg,600,452,car,171,183,233,212
00022.jpg,1000,667,car,145,5,259,46
00022.jpg,1000,667,car,55,19,203,68
00022.jpg,1000,667,car,272,31,357,62
00022.jpg,1000,667,car,179,62,291,104
00022.jpg,1000,667,car,94,90,237,148
00022.jpg,1000,667,car,396,62,463,84
00022.jpg,1000,667,car,377,78,440,102
00022.jpg,1000,667,car,369,87,433,112
00022.jpg,1000,667,car,359,93,429,119
00022.jpg,1000,667,car,347,101,425,129
00022.jpg,1000,667,car,331,109,419,142
00022.jpg,1000,667,car,329,117,402,150
00022.jpg,1000,667,car,295,86,360,113
00022.jpg,1000,667,car,258,105,328,139
00022.jpg,1000,667,car,305,131,410,168
00022.jpg,1000,667,car,238,122,309,155
00022.jpg,1000,667,car,299,146,389,184
00022.jpg,1000,667,car,178,161,267,201
00022.jpg,1000,667,car,279,161,373,204
00022.jpg,1000,667,car,227,190,369,251
00022.jpg,1000,667,car,221,227,363,288
00022.jpg,1000,667,car,132,181,244,226
00022.jpg,1000,667,car,95,200,208,249
00022.jpg,1000,667,car,54,224,179,280
00022.jpg,1000,667,car,3,241,157,320
00022.jpg,1000,667,car,1,295,107,369
00022.jpg,1000,667,car,126,297,301,372
00022.jpg,1000,667,car,43,344,266,433
00022.jpg,1000,667,car,1,510,171,663
00022.jpg,1000,667,car,313,401,444,584
00022.jpg,1000,667,car,539,80,620,109
00022.jpg,1000,667,car,546,97,633,131
00022.jpg,1000,667,car,548,110,640,143
00022.jpg,1000,667,car,547,120,644,155
00022.jpg,1000,667,car,548,130,653,170
00022.jpg,1000,667,car,558,142,668,186
00022.jpg,1000,667,car,556,155,669,205
00022.jpg,1000,667,car,561,182,696,231
00022.jpg,1000,667,car,583,206,706,254
00022.jpg,1000,667,car,596,217,727,289
00022.jpg,1000,667,car,611,301,790,382
00023.jpg,375,476,car,212,297,250,338
00023.jpg,375,476,car,10,409,40,469
00023.jpg,375,476,car,56,409,88,467
00023.jpg,375,476,car,99,402,133,450
00023.jpg,375,476,car,221,378,263,432
00023.jpg,375,476,car,260,375,306,427
00023.jpg,375,476,car,298,370,346,420
00023.jpg,375,476,car,332,362,373,410
00023.jpg,375,476,car,290,423,339,474
00026.jpg,501,300,car,332,126,396,150
00026.jpg,501,300,car,213,142,280,170
00026.jpg,501,300,car,193,152,260,175
00026.jpg,501,300,car,118,147,177,172
00026.jpg,501,300,car,147,160,206,185
00026.jpg,501,300,car,111,164,173,191
00026.jpg,501,300,car,79,168,149,198
00026.jpg,501,300,car,24,157,90,188
00026.jpg,501,300,car,41,168,127,207
00027.jpg,550,367,car,254,163,317,187
00027.jpg,550,367,car,270,168,333,194
00027.jpg,550,367,car,294,164,374,202
00027.jpg,550,367,car,53,230,198,301
00027.jpg,550,367,car,59,256,211,354
00027.jpg,550,367,car,354,303,498,364
00028.jpg,1001,662,car,11,315,77,349
00028.jpg,1001,662,car,59,303,125,340
00028.jpg,1001,662,car,101,299,168,334
00028.jpg,1001,662,car,129,291,202,329
00028.jpg,1001,662,car,165,287,225,321
00028.jpg,1001,662,car,196,284,254,316
00028.jpg,1001,662,car,1,363,80,412
00028.jpg,1001,662,car,16,356,125,397
00028.jpg,1001,662,car,91,345,199,386
00028.jpg,1001,662,car,136,334,237,373
00028.jpg,1001,662,car,195,320,292,361
00028.jpg,1001,662,car,253,320,331,351
00028.jpg,1001,662,car,299,312,363,344
00028.jpg,1001,662,car,331,306,401,337
00028.jpg,1001,662,car,147,403,220,466
00028.jpg,1001,662,car,217,395,295,445
00028.jpg,1001,662,car,270,379,347,432
00028.jpg,1001,662,car,327,362,403,416
00028.jpg,1001,662,car,371,344,443,401
00028.jpg,1001,662,car,411,343,476,386
00028.jpg,1001,662,car,451,334,510,375
00028.jpg,1001,662,car,490,326,547,363
00028.jpg,1001,662,car,601,286,664,317
00028.jpg,1001,662,car,642,287,705,317
00028.jpg,1001,662,car,685,296,754,322
00028.jpg,1001,662,car,660,281,720,308
00028.jpg,1001,662,car,703,335,782,371
00028.jpg,1001,662,car,703,335,782,371
00028.jpg,1001,662,car,866,376,969,417
00028.jpg,1001,662,car,853,395,972,440
00028.jpg,1001,662,car,860,408,974,461
00028.jpg,1001,662,car,830,423,959,485
00028.jpg,1001,662,car,901,270,968,295
00028.jpg,1001,662,car,913,280,977,306
00028.jpg,1001,662,car,915,291,981,317
00028.jpg,1001,662,car,913,297,987,326
00028.jpg,1001,662,car,922,310,989,337
00028.jpg,1001,662,car,728,294,786,320
00031.jpg,912,684,car,1,370,78,457
00031.jpg,912,684,car,19,382,185,503
00031.jpg,912,684,car,154,377,329,481
00031.jpg,912,684,car,74,358,153,413
00031.jpg,912,684,car,265,359,451,462
00031.jpg,912,684,car,404,376,556,457
00031.jpg,912,684,car,496,373,625,446
00031.jpg,912,684,car,567,372,696,439
00031.jpg,912,684,car,584,365,710,431
00031.jpg,912,684,car,657,367,768,424
00031.jpg,912,684,car,709,366,797,419
00031.jpg,912,684,car,754,364,838,410
00032.jpg,496,415,car,124,96,181,121
00032.jpg,496,415,car,128,134,186,162
00032.jpg,496,415,car,133,156,191,185
00032.jpg,496,415,car,134,177,197,207
00032.jpg,496,415,car,140,212,207,247
00032.jpg,496,415,car,143,242,221,290
00032.jpg,496,415,car,180,335,259,380
00032.jpg,496,415,car,292,115,338,149
00032.jpg,496,415,car,334,109,396,139
00032.jpg,496,415,car,297,139,345,173
00032.jpg,496,415,car,359,132,417,164
00032.jpg,496,415,car,319,158,368,195
00032.jpg,496,415,car,329,188,391,227
00032.jpg,496,415,car,358,234,408,277
00035.jpg,524,393,car,474,57,520,93
00035.jpg,524,393,car,146,100,199,128
00035.jpg,524,393,car,276,118,335,150
00035.jpg,524,393,car,298,95,352,130
00035.jpg,524,393,car,330,99,379,132
00035.jpg,524,393,car,320,123,374,152
00035.jpg,524,393,car,357,122,407,152
00035.jpg,524,393,car,381,96,433,129
00035.jpg,524,393,car,398,123,456,152
00035.jpg,524,393,car,140,150,184,189
00035.jpg,524,393,car,184,152,228,190
00035.jpg,524,393,car,357,155,407,195
00035.jpg,524,393,car,405,158,460,198
00035.jpg,524,393,car,210,184,257,215
00035.jpg,524,393,car,351,185,404,221
00035.jpg,524,393,car,394,189,445,220
00035.jpg,524,393,car,448,186,499,223
00035.jpg,524,393,car,1,210,49,253
00035.jpg,524,393,car,5,225,72,262
00035.jpg,524,393,car,1,244,53,285
00035.jpg,524,393,car,58,216,136,260
00035.jpg,524,393,car,105,226,178,262
00035.jpg,524,393,car,163,225,229,262
00035.jpg,524,393,car,203,231,265,270
00035.jpg,524,393,car,251,234,313,269
00035.jpg,524,393,car,308,234,379,271
00035.jpg,524,393,car,366,227,439,271
00035.jpg,524,393,car,480,235,521,281
00035.jpg,524,393,car,32,254,101,286
00035.jpg,524,393,car,67,258,139,292
00035.jpg,524,393,car,112,257,189,298
00035.jpg,524,393,car,172,256,254,297
00035.jpg,524,393,car,231,261,304,300
00035.jpg,524,393,car,299,265,365,300
00035.jpg,524,393,car,347,269,415,305
00035.jpg,524,393,car,391,268,465,313
00035.jpg,524,393,car,465,265,521,309
00035.jpg,524,393,car,1,297,57,365
00035.jpg,524,393,car,123,320,177,376
00035.jpg,524,393,car,179,329,237,380
00035.jpg,524,393,car,232,315,301,379
00035.jpg,524,393,car,365,326,435,389
00035.jpg,524,393,car,430,328,508,387
00035.jpg,524,393,car,20,359,83,392
00036.jpg,1000,667,car,7,221,78,258
00036.jpg,1000,667,car,6,167,71,195
00036.jpg,1000,667,car,35,173,115,207
00036.jpg,1000,667,car,62,201,123,244
00036.jpg,1000,667,car,110,188,187,239
00036.jpg,1000,667,car,202,181,266,223
00036.jpg,1000,667,car,281,150,372,210
00036.jpg,1000,667,car,356,155,421,193
00036.jpg,1000,667,car,425,155,493,185
00036.jpg,1000,667,car,1,287,56,356
00036.jpg,1000,667,car,43,277,127,340
00036.jpg,1000,667,car,109,276,186,331
00036.jpg,1000,667,car,157,246,251,308
00036.jpg,1000,667,car,230,251,308,299
00036.jpg,1000,667,car,277,230,356,281
00036.jpg,1000,667,car,326,215,410,271
00036.jpg,1000,667,car,376,217,450,263
00036.jpg,1000,667,car,415,200,500,256
00036.jpg,1000,667,car,466,203,537,241
00036.jpg,1000,667,car,502,188,582,233
00036.jpg,1000,667,car,564,181,634,213
00036.jpg,1000,667,car,602,176,671,211
00036.jpg,1000,667,car,671,192,757,225
00036.jpg,1000,667,car,657,159,750,193
00036.jpg,1000,667,car,657,159,750,193
00036.jpg,1000,667,car,29,331,110,394
00036.jpg,1000,667,car,102,318,182,377
00036.jpg,1000,667,car,168,297,252,359
00036.jpg,1000,667,car,281,276,372,324
00036.jpg,1000,667,car,347,266,437,317
00036.jpg,1000,667,car,390,255,475,296
00036.jpg,1000,667,car,448,245,535,287
00036.jpg,1000,667,car,489,232,573,273
00036.jpg,1000,667,car,575,211,662,256
00036.jpg,1000,667,car,602,193,693,245
00036.jpg,1000,667,car,745,183,808,212
00036.jpg,1000,667,car,783,170,857,202
00036.jpg,1000,667,car,812,160,896,198
00036.jpg,1000,667,car,737,143,817,183
00036.jpg,1000,667,car,193,447,318,555
00036.jpg,1000,667,car,268,438,411,531
00036.jpg,1000,667,car,351,388,482,488
00036.jpg,1000,667,car,426,370,562,457
00036.jpg,1000,667,car,490,359,621,432
00036.jpg,1000,667,car,558,345,675,409
00036.jpg,1000,667,car,587,319,726,387
00036.jpg,1000,667,car,652,308,770,366
00036.jpg,1000,667,car,692,291,817,350
00036.jpg,1000,667,car,741,271,858,334
00036.jpg,1000,667,car,781,263,891,317
00036.jpg,1000,667,car,808,237,929,305
00036.jpg,1000,667,car,863,233,967,294
00036.jpg,1000,667,car,890,298,995,350
00036.jpg,1000,667,car,816,322,952,390
00036.jpg,1000,667,car,793,352,933,416
00036.jpg,1000,667,car,469,474,630,577
00040.jpg,680,452,car,1,121,43,170
00040.jpg,680,452,car,1,152,65,204
00040.jpg,680,452,car,1,180,72,234
00040.jpg,680,452,car,7,204,102,266
00040.jpg,680,452,car,1,271,38,321
00040.jpg,680,452,car,1,307,52,357
00040.jpg,680,452,car,61,269,151,328
00040.jpg,680,452,car,1,338,75,413
00040.jpg,680,452,car,1,383,80,450
00040.jpg,680,452,car,16,412,105,451
00040.jpg,680,452,car,84,328,187,401
00040.jpg,680,452,car,113,370,189,435
00040.jpg,680,452,car,113,6,180,48
00040.jpg,680,452,car,123,24,190,70
00040.jpg,680,452,car,154,38,218,91
00040.jpg,680,452,car,148,67,228,126
00040.jpg,680,452,car,168,95,253,156
00040.jpg,680,452,car,206,122,274,173
00040.jpg,680,452,car,213,138,308,206
00040.jpg,680,452,car,245,179,323,232
00040.jpg,680,452,car,260,209,340,262
00040.jpg,680,452,car,276,232,369,299
00040.jpg,680,452,car,307,265,391,329
00040.jpg,680,452,car,220,17,284,64
00040.jpg,680,452,car,233,38,296,85
00040.jpg,680,452,car,257,58,326,110
00040.jpg,680,452,car,281,82,350,133
00040.jpg,680,452,car,300,101,384,161
00040.jpg,680,452,car,328,139,400,189
00040.jpg,680,452,car,346,173,423,221
00040.jpg,680,452,car,364,198,440,251
00040.jpg,680,452,car,390,227,474,284
00040.jpg,680,452,car,440,8,514,58
00040.jpg,680,452,car,456,37,524,85
00040.jpg,680,452,car,477,63,551,115
00040.jpg,680,452,car,511,81,585,137
00040.jpg,680,452,car,541,108,620,164
00040.jpg,680,452,car,568,133,653,191
00040.jpg,680,452,car,581,50,654,100
00040.jpg,680,452,car,616,69,676,122
00044.jpg,1000,750,car,1,633,78,750
00044.jpg,1000,750,car,66,590,229,734
00044.jpg,1000,750,car,186,566,339,695
00044.jpg,1000,750,car,306,563,446,666
00044.jpg,1000,750,car,385,526,529,638
00044.jpg,1000,750,car,464,517,605,607
00044.jpg,1000,750,car,464,517,605,607
00044.jpg,1000,750,car,549,488,688,588
00044.jpg,1000,750,car,614,476,760,561
00044.jpg,1000,750,car,698,458,806,536
00044.jpg,1000,750,car,746,452,890,523
00044.jpg,1000,750,car,795,443,933,505
00044.jpg,1000,750,car,845,433,965,491
00044.jpg,1000,750,car,845,433,965,491
00044.jpg,1000,750,car,881,421,995,476
00044.jpg,1000,750,car,929,412,995,456
00044.jpg,1000,750,car,891,691,995,748
00045.jpg,1000,750,car,247,173,406,239
00045.jpg,1000,750,car,182,192,387,297
00045.jpg,1000,750,car,126,244,291,358
00045.jpg,1000,750,car,79,343,299,433
00045.jpg,1000,750,car,22,412,250,517
00045.jpg,1000,750,car,1,500,183,609
00045.jpg,1000,750,car,322,452,465,640
00045.jpg,1000,750,car,477,416,590,589
00045.jpg,1000,750,car,610,283,708,427
00045.jpg,1000,750,car,500,121,587,225
00046.jpg,1000,750,car,1,448,125,569
00046.jpg,1000,750,car,144,444,263,533
00046.jpg,1000,750,car,412,374,519,447
00046.jpg,1000,750,car,939,343,994,414
00046.jpg,1000,750,car,911,369,994,426
00046.jpg,1000,750,car,729,447,909,522
00046.jpg,1000,750,car,675,467,857,566
00046.jpg,1000,750,car,580,510,801,621
00046.jpg,1000,750,car,484,547,716,691
00046.jpg,1000,750,car,350,597,580,748
00047.jpg,1000,750,car,266,426,386,481
00047.jpg,1000,750,car,283,461,413,512
00047.jpg,1000,750,car,323,491,463,553
00047.jpg,1000,750,car,621,445,728,493
00047.jpg,1000,750,car,769,438,862,484
00047.jpg,1000,750,car,710,477,827,533
00047.jpg,1000,750,car,762,495,894,563
00047.jpg,1000,750,car,822,515,952,592
00047.jpg,1000,750,car,431,568,627,656
00047.jpg,1000,750,car,526,609,735,727
00056.jpg,1000,669,car,527,133,594,163
00056.jpg,1000,669,car,615,196,688,230
00056.jpg,1000,669,car,691,214,773,252
00056.jpg,1000,669,car,870,247,958,285
00056.jpg,1000,669,car,841,307,952,362
00056.jpg,1000,669,car,807,348,916,405
00056.jpg,1000,669,car,803,386,914,451
00056.jpg,1000,669,car,764,464,899,533
00056.jpg,1000,669,car,749,505,890,588
00056.jpg,1000,669,car,554,234,640,275
00056.jpg,1000,669,car,537,250,620,292
00056.jpg,1000,669,car,501,267,599,314
00056.jpg,1000,669,car,586,323,688,373
00056.jpg,1000,669,car,443,314,541,366
00058.jpg,1000,753,car,493,270,546,299
00058.jpg,1000,753,car,525,277,588,307
00058.jpg,1000,753,car,546,300,599,330
00058.jpg,1000,753,car,481,315,531,346
00058.jpg,1000,753,car,363,307,414,337
00058.jpg,1000,753,car,442,321,495,356
00058.jpg,1000,753,car,411,332,461,365
00058.jpg,1000,753,car,373,343,425,377
00058.jpg,1000,753,car,341,346,387,385
00058.jpg,1000,753,car,308,349,348,391
00058.jpg,1000,753,car,262,326,304,360
00058.jpg,1000,753,car,189,338,229,374
00058.jpg,1000,753,car,218,368,265,415
00058.jpg,1000,753,car,262,360,310,406
00058.jpg,1000,753,car,180,384,225,430
00058.jpg,1000,753,car,138,389,177,433
00058.jpg,1000,753,car,78,368,114,413
00058.jpg,1000,753,car,26,412,67,462
00058.jpg,1000,753,car,327,385,410,426
00058.jpg,1000,753,car,494,337,573,377
00058.jpg,1000,753,car,586,330,657,365
00058.jpg,1000,753,car,668,315,726,346
00058.jpg,1000,753,car,732,265,782,299
00058.jpg,1000,753,car,218,466,285,524
00058.jpg,1000,753,car,267,452,335,508
00058.jpg,1000,753,car,324,435,392,494
00058.jpg,1000,753,car,371,411,433,474
00058.jpg,1000,753,car,420,399,488,458
00058.jpg,1000,753,car,467,394,529,444
00058.jpg,1000,753,car,502,394,565,435
00058.jpg,1000,753,car,534,366,597,425
00058.jpg,1000,753,car,569,368,635,414
00058.jpg,1000,753,car,604,359,675,401
00058.jpg,1000,753,car,640,346,711,391
00058.jpg,1000,753,car,678,335,743,376
00058.jpg,1000,753,car,709,329,771,373
00058.jpg,1000,753,car,736,320,803,361
00058.jpg,1000,753,car,765,315,826,349
00058.jpg,1000,753,car,785,308,845,339
00058.jpg,1000,753,car,796,295,857,331
00058.jpg,1000,753,car,888,281,941,313
00058.jpg,1000,753,car,903,273,965,307
00058.jpg,1000,753,car,74,532,128,600
00058.jpg,1000,753,car,1,628,49,727
00058.jpg,1000,753,car,100,606,192,687
00058.jpg,1000,753,car,192,555,250,630
00058.jpg,1000,753,car,253,545,316,624
00058.jpg,1000,753,car,325,518,398,588
00058.jpg,1000,753,car,379,498,459,564
00058.jpg,1000,753,car,435,476,506,547
00058.jpg,1000,753,car,478,462,568,535
00058.jpg,1000,753,car,530,434,599,504
00058.jpg,1000,753,car,574,420,649,488
00058.jpg,1000,753,car,628,409,695,476
00058.jpg,1000,753,car,662,400,739,458
00058.jpg,1000,753,car,696,389,777,442
00058.jpg,1000,753,car,746,377,828,428
00058.jpg,1000,753,car,780,354,868,415
00058.jpg,1000,753,car,818,351,892,398
00058.jpg,1000,753,car,845,344,918,388
00058.jpg,1000,753,car,882,337,955,378
00058.jpg,1000,753,car,899,326,976,368
00058.jpg,1000,753,car,926,319,995,359
00058.jpg,1000,753,car,420,574,529,662
00058.jpg,1000,753,car,371,700,467,751
00058.jpg,1000,753,car,448,672,562,751
00058.jpg,1000,753,car,516,647,641,748
00058.jpg,1000,753,car,566,609,691,720
00058.jpg,1000,753,car,630,585,745,683
00058.jpg,1000,753,car,690,572,786,655
00058.jpg,1000,753,car,713,552,823,626
00058.jpg,1000,753,car,753,531,876,615
00058.jpg,1000,753,car,810,508,916,589
00058.jpg,1000,753,car,855,486,971,565
00061.jpg,1000,750,car,61,427,131,458
00061.jpg,1000,750,car,61,427,131,458
00061.jpg,1000,750,car,61,427,131,458
00061.jpg,1000,750,car,196,448,256,484
00061.jpg,1000,750,car,256,443,310,482
00061.jpg,1000,750,car,351,445,401,481
00061.jpg,1000,750,car,408,443,461,484
00061.jpg,1000,750,car,479,443,531,480
00061.jpg,1000,750,car,648,436,694,478
00061.jpg,1000,750,car,716,433,760,474
00061.jpg,1000,750,car,860,452,970,492
00061.jpg,1000,750,car,178,506,285,556
00061.jpg,1000,750,car,341,510,467,556
00061.jpg,1000,750,car,311,535,440,587
00061.jpg,1000,750,car,248,574,393,631
00061.jpg,1000,750,car,1,588,143,643
00061.jpg,1000,750,car,1,611,116,672
00061.jpg,1000,750,car,1,641,70,706
00061.jpg,1000,750,car,626,490,770,551
00061.jpg,1000,750,car,631,518,765,564
00061.jpg,1000,750,car,613,542,755,597
00061.jpg,1000,750,car,584,586,725,653
00068.jpg,1000,750,car,1,517,41,556
00068.jpg,1000,750,car,1,527,45,573
00068.jpg,1000,750,car,40,515,82,558
00068.jpg,1000,750,car,54,529,98,570
00068.jpg,1000,750,car,83,517,125,556
00068.jpg,1000,750,car,100,527,148,566
00068.jpg,1000,750,car,154,521,200,564
00068.jpg,1000,750,car,178,511,216,549
00068.jpg,1000,750,car,205,521,245,561
00068.jpg,1000,750,car,223,505,258,547
00068.jpg,1000,750,car,258,515,298,556
00068.jpg,1000,750,car,310,515,351,558
00068.jpg,1000,750,car,345,500,381,542
00068.jpg,1000,750,car,358,509,397,551
00068.jpg,1000,750,car,432,498,478,538
00068.jpg,1000,750,car,468,491,513,533
00068.jpg,1000,750,car,20,566,84,617
00068.jpg,1000,750,car,87,563,150,613
00068.jpg,1000,750,car,155,564,211,611
00068.jpg,1000,750,car,212,556,266,603
00068.jpg,1000,750,car,276,556,321,602
00068.jpg,1000,750,car,334,553,373,593
00068.jpg,1000,750,car,390,545,433,590
00068.jpg,1000,750,car,429,535,480,576
00068.jpg,1000,750,car,477,531,529,572
00068.jpg,1000,750,car,1,603,43,670
00068.jpg,1000,750,car,28,587,83,644
00068.jpg,1000,750,car,33,605,118,681
00068.jpg,1000,750,car,91,583,150,639
00068.jpg,1000,750,car,109,600,173,668
00068.jpg,1000,750,car,175,601,246,675
00068.jpg,1000,750,car,243,601,302,666
00068.jpg,1000,750,car,310,586,367,665
00068.jpg,1000,750,car,374,585,430,653
00068.jpg,1000,750,car,413,572,459,623
00068.jpg,1000,750,car,431,590,488,654
00068.jpg,1000,750,car,226,578,285,635
00068.jpg,1000,750,car,293,575,341,631
00068.jpg,1000,750,car,351,568,403,625
00068.jpg,1000,750,car,3,692,90,748
00068.jpg,1000,750,car,89,678,177,748
00068.jpg,1000,750,car,121,716,211,748
00068.jpg,1000,750,car,190,674,262,748
00068.jpg,1000,750,car,280,670,365,748
00068.jpg,1000,750,car,347,626,483,699
00068.jpg,1000,750,car,367,668,444,742
00068.jpg,1000,750,car,444,662,517,740
00068.jpg,1000,750,car,448,703,535,748
00068.jpg,1000,750,car,56,630,198,700
00069.jpg,1000,750,car,1,551,53,600
00069.jpg,1000,750,car,194,598,271,662
00069.jpg,1000,750,car,277,549,380,600
00069.jpg,1000,750,car,250,593,330,647
00069.jpg,1000,750,car,307,589,391,638
00069.jpg,1000,750,car,256,563,336,601
00069.jpg,1000,750,car,350,575,428,625
00069.jpg,1000,750,car,396,574,470,615
00069.jpg,1000,750,car,434,568,506,606
00069.jpg,1000,750,car,267,519,322,559
00069.jpg,1000,750,car,293,525,350,558
00069.jpg,1000,750,car,331,514,386,555
00069.jpg,1000,750,car,415,508,467,539
00069.jpg,1000,750,car,401,530,476,572
00069.jpg,1000,750,car,466,548,544,597
00069.jpg,1000,750,car,523,547,605,585
00069.jpg,1000,750,car,536,568,620,611
00069.jpg,1000,750,car,820,540,883,568
00069.jpg,1000,750,car,760,565,850,608
00069.jpg,1000,750,car,699,585,807,631
00069.jpg,1000,750,car,654,599,761,650
00069.jpg,1000,750,car,627,615,745,667
00069.jpg,1000,750,car,563,621,705,683
00069.jpg,1000,750,car,507,645,635,705
00069.jpg,1000,750,car,434,667,605,738
00070.jpg,1000,668,car,56,275,204,336
00070.jpg,1000,668,car,255,280,360,337
00070.jpg,1000,668,car,469,290,565,336
00070.jpg,1000,668,car,621,296,711,339
00070.jpg,1000,668,car,723,294,803,335
00070.jpg,1000,668,car,820,260,886,312
00070.jpg,1000,668,car,848,260,900,298
00070.jpg,1000,668,car,896,278,960,309
00070.jpg,1000,668,car,534,330,632,377
00070.jpg,1000,668,car,623,349,742,401
00078.jpg,1000,750,car,53,496,91,535
00078.jpg,1000,750,car,19,537,73,582
00078.jpg,1000,750,car,106,538,153,579
00078.jpg,1000,750,car,177,536,222,579
00078.jpg,1000,750,car,313,488,362,536
00078.jpg,1000,750,car,310,535,350,576
00078.jpg,1000,750,car,321,557,364,598
00078.jpg,1000,750,car,364,536,403,577
00078.jpg,1000,750,car,311,600,352,646
00078.jpg,1000,750,car,375,598,417,644
00078.jpg,1000,750,car,413,527,451,576
00078.jpg,1000,750,car,437,559,476,597
00078.jpg,1000,750,car,506,527,537,576
00078.jpg,1000,750,car,524,598,574,645
00078.jpg,1000,750,car,601,601,651,646
00078.jpg,1000,750,car,665,586,721,646
00078.jpg,1000,750,car,625,507,673,540
00078.jpg,1000,750,car,673,506,725,541
00078.jpg,1000,750,car,630,527,673,577
00078.jpg,1000,750,car,683,528,729,578
00078.jpg,1000,750,car,717,492,766,529
00078.jpg,1000,750,car,776,480,817,517
00078.jpg,1000,750,car,785,462,829,501
00078.jpg,1000,750,car,844,509,894,540
00078.jpg,1000,750,car,746,533,785,581
00078.jpg,1000,750,car,799,542,841,581
00078.jpg,1000,750,car,763,547,821,598
00078.jpg,1000,750,car,827,557,902,601
00078.jpg,1000,750,car,854,533,907,577
00078.jpg,1000,750,car,896,561,949,601
00078.jpg,1000,750,car,817,601,880,652
00078.jpg,1000,750,car,890,601,935,650
00078.jpg,1000,750,car,960,601,995,650
00080.jpg,1000,750,car,46,581,103,606
00080.jpg,1000,750,car,66,596,124,625
00080.jpg,1000,750,car,79,614,154,649
00080.jpg,1000,750,car,92,629,157,654
00080.jpg,1000,750,car,97,641,171,668
00080.jpg,1000,750,car,125,653,189,678
00080.jpg,1000,750,car,118,656,211,703
00080.jpg,1000,750,car,154,671,238,709
00080.jpg,1000,750,car,171,688,257,724
00080.jpg,1000,750,car,168,698,283,748
00080.jpg,1000,750,car,475,637,526,669
00080.jpg,1000,750,car,613,659,675,694
00082.jpg,1000,751,car,358,313,425,348
00082.jpg,1000,751,car,330,356,393,391
00082.jpg,1000,751,car,276,407,346,438
00082.jpg,1000,751,car,248,436,326,473
00082.jpg,1000,751,car,218,480,299,518
00082.jpg,1000,751,car,160,543,251,604
00082.jpg,1000,751,car,112,575,207,633
00082.jpg,1000,751,car,18,653,154,723
00082.jpg,1000,751,car,471,360,531,388
00082.jpg,1000,751,car,446,401,514,431
00082.jpg,1000,751,car,444,417,511,448
00082.jpg,1000,751,car,433,436,505,470
00082.jpg,1000,751,car,407,473,495,516
00082.jpg,1000,751,car,395,502,471,544
00082.jpg,1000,751,car,361,528,453,569
00082.jpg,1000,751,car,367,561,467,612
00082.jpg,1000,751,car,370,616,443,698
00082.jpg,1000,751,car,535,395,601,421
00082.jpg,1000,751,car,526,410,588,436
00082.jpg,1000,751,car,522,423,599,460
00082.jpg,1000,751,car,508,460,584,506
00082.jpg,1000,751,car,475,511,578,558
00082.jpg,1000,751,car,715,380,770,409
00082.jpg,1000,751,car,709,393,772,423
00082.jpg,1000,751,car,700,415,768,446
00082.jpg,1000,751,car,698,441,773,477
00082.jpg,1000,751,car,711,461,785,503
00082.jpg,1000,751,car,676,491,766,544
00082.jpg,1000,751,car,676,491,766,544
00082.jpg,1000,751,car,679,522,775,573
00082.jpg,1000,751,car,798,370,855,400
00082.jpg,1000,751,car,799,387,858,418
00082.jpg,1000,751,car,795,399,855,429
00082.jpg,1000,751,car,804,417,865,450
00082.jpg,1000,751,car,798,453,872,499
00082.jpg,1000,751,car,804,483,846,538
00083.jpg,1000,664,car,66,343,116,373
00083.jpg,1000,664,car,123,339,183,377
00083.jpg,1000,664,car,181,324,236,357
00083.jpg,1000,664,car,155,346,206,380
00083.jpg,1000,664,car,187,350,240,381
00083.jpg,1000,664,car,212,325,266,360
00083.jpg,1000,664,car,290,338,343,367
00083.jpg,1000,664,car,280,352,343,389
00083.jpg,1000,664,car,1,391,47,425
00083.jpg,1000,664,car,29,388,114,431
00083.jpg,1000,664,car,70,392,152,436
00083.jpg,1000,664,car,108,403,179,443
00083.jpg,1000,664,car,151,410,210,444
00083.jpg,1000,664,car,169,406,255,453
00083.jpg,1000,664,car,231,415,297,452
00083.jpg,1000,664,car,1,424,77,477
00083.jpg,1000,664,car,155,449,234,498
00083.jpg,1000,664,car,668,398,752,437
00083.jpg,1000,664,car,665,415,756,452
00083.jpg,1000,664,car,664,432,757,468
00083.jpg,1000,664,car,657,449,750,487
00083.jpg,1000,664,car,656,466,754,507
00083.jpg,1000,664,car,648,483,757,533
00083.jpg,1000,664,car,640,511,756,563
00084.jpg,1000,664,car,7,328,73,355
00084.jpg,1000,664,car,237,414,331,461
00084.jpg,1000,664,car,276,406,353,443
00084.jpg,1000,664,car,355,417,441,457
00084.jpg,1000,664,car,327,431,417,473
00084.jpg,1000,664,car,457,361,546,399
00084.jpg,1000,664,car,659,367,720,391
00084.jpg,1000,664,car,649,376,720,403
00084.jpg,1000,664,car,633,400,724,445
00084.jpg,1000,664,car,617,411,714,457
00084.jpg,1000,664,car,737,383,812,408
00084.jpg,1000,664,car,741,394,825,426
00084.jpg,1000,664,car,734,409,842,452
00084.jpg,1000,664,car,734,425,837,472
00084.jpg,1000,664,car,721,450,821,486
00084.jpg,1000,664,car,726,465,823,514
00084.jpg,1000,664,car,688,472,824,533
00084.jpg,1000,664,car,698,508,828,564
00084.jpg,1000,664,car,914,343,979,365
00084.jpg,1000,664,car,935,393,995,424
00084.jpg,1000,664,car,947,399,995,432
00084.jpg,1000,664,car,561,475,662,537
00088.jpg,1000,664,car,35,476,127,518
00088.jpg,1000,664,car,266,492,338,520
00088.jpg,1000,664,car,231,501,308,529
00088.jpg,1000,664,car,320,510,392,542
00088.jpg,1000,664,car,287,519,380,555
00088.jpg,1000,664,car,223,527,336,576
00088.jpg,1000,664,car,147,514,231,560
00088.jpg,1000,664,car,98,520,196,572
00088.jpg,1000,664,car,195,540,298,593
00088.jpg,1000,664,car,157,562,249,603
00088.jpg,1000,664,car,127,571,219,619
00088.jpg,1000,664,car,58,571,178,632
00088.jpg,1000,664,car,14,597,129,648
00088.jpg,1000,664,car,810,442,873,466
00088.jpg,1000,664,car,764,464,835,488
00088.jpg,1000,664,car,943,476,995,504
00088.jpg,1000,664,car,925,510,995,544
00088.jpg,1000,664,car,917,528,995,561
00088.jpg,1000,664,car,902,538,995,576
00088.jpg,1000,664,car,822,572,969,635
00088.jpg,1000,664,car,749,470,827,498
00088.jpg,1000,664,car,633,481,707,511
00088.jpg,1000,664,car,698,494,786,528
00088.jpg,1000,664,car,677,505,753,533
00088.jpg,1000,664,car,650,512,740,545
00088.jpg,1000,664,car,531,528,605,564
00088.jpg,1000,664,car,593,554,685,591
00088.jpg,1000,664,car,491,532,586,575
00088.jpg,1000,664,car,478,543,570,589
00088.jpg,1000,664,car,554,558,669,609
00088.jpg,1000,664,car,519,573,640,631
00088.jpg,1000,664,car,484,608,605,658
00088.jpg,1000,664,car,433,627,569,662
00088.jpg,1000,664,car,432,556,528,601
00088.jpg,1000,664,car,408,573,507,617
00088.jpg,1000,664,car,383,589,485,636
00088.jpg,1000,664,car,345,597,447,653
00089.jpg,1000,664,car,294,355,345,389
00089.jpg,1000,664,car,465,332,534,362
00089.jpg,1000,664,car,418,325,470,353
00089.jpg,1000,664,car,392,331,449,359
00089.jpg,1000,664,car,408,360,464,389
00089.jpg,1000,664,car,368,360,439,394
00089.jpg,1000,664,car,346,374,412,404
00089.jpg,1000,664,car,916,321,981,344
00089.jpg,1000,664,car,909,334,978,359
00089.jpg,1000,664,car,901,340,972,364
00089.jpg,1000,664,car,846,363,945,402
00089.jpg,1000,664,car,760,450,875,511
00089.jpg,1000,664,car,629,335,690,363
00089.jpg,1000,664,car,621,343,678,371
00089.jpg,1000,664,car,672,351,744,384
00089.jpg,1000,664,car,648,362,725,397
00089.jpg,1000,664,car,594,352,654,383
00089.jpg,1000,664,car,577,361,642,390
00089.jpg,1000,664,car,562,369,625,398
00089.jpg,1000,664,car,626,382,702,413
00089.jpg,1000,664,car,595,394,678,427
00089.jpg,1000,664,car,541,375,605,412
00089.jpg,1000,664,car,502,386,589,427
00089.jpg,1000,664,car,496,404,570,439
00089.jpg,1000,664,car,570,421,648,456
00089.jpg,1000,664,car,105,410,184,441
00089.jpg,1000,664,car,126,413,208,451
00089.jpg,1000,664,car,172,449,269,498
00089.jpg,1000,664,car,199,476,296,520
00089.jpg,1000,664,car,1,484,50,525
00089.jpg,1000,664,car,1,503,76,549
00089.jpg,1000,664,car,1,523,108,583
00090.jpg,1000,664,car,63,475,128,502
00090.jpg,1000,664,car,82,485,143,513
00090.jpg,1000,664,car,274,528,355,560
00090.jpg,1000,664,car,500,469,559,495
00090.jpg,1000,664,car,625,489,693,517
00091.jpg,1000,664,car,123,226,189,255
00091.jpg,1000,664,car,371,195,426,222
00091.jpg,1000,664,car,262,230,332,259
00092.jpg,1000,665,car,674,477,722,518
00092.jpg,1000,665,car,632,513,690,561
00092.jpg,1000,665,car,614,563,687,620
00092.jpg,1000,665,car,590,627,668,663
00092.jpg,1000,665,car,594,375,651,400
00092.jpg,1000,665,car,585,382,652,407
00092.jpg,1000,665,car,589,390,646,417
00092.jpg,1000,665,car,491,387,556,411
00092.jpg,1000,665,car,545,396,620,422
00092.jpg,1000,665,car,551,403,625,430
00092.jpg,1000,665,car,556,409,630,436
00092.jpg,1000,665,car,544,416,616,442
00092.jpg,1000,665,car,528,421,609,459
00092.jpg,1000,665,car,451,419,528,449
00092.jpg,1000,665,car,516,436,596,467
00092.jpg,1000,665,car,502,447,578,481
00092.jpg,1000,665,car,484,452,570,490
00092.jpg,1000,665,car,454,467,554,503
00092.jpg,1000,665,car,430,473,532,514
00092.jpg,1000,665,car,439,493,531,528
00092.jpg,1000,665,car,403,502,515,548
00092.jpg,1000,665,car,389,519,500,562
00092.jpg,1000,665,car,363,540,476,585
00092.jpg,1000,665,car,318,557,449,606
00092.jpg,1000,665,car,280,577,414,631
00092.jpg,1000,665,car,263,607,405,663
00092.jpg,1000,665,car,213,634,363,663
00092.jpg,1000,665,car,438,430,498,457
00092.jpg,1000,665,car,415,439,497,466
00092.jpg,1000,665,car,389,452,486,488
00092.jpg,1000,665,car,362,465,450,499
00092.jpg,1000,665,car,328,476,428,512
00092.jpg,1000,665,car,331,492,425,527
00092.jpg,1000,665,car,293,502,389,539
00092.jpg,1000,665,car,282,518,374,560
00092.jpg,1000,665,car,225,519,344,577
00092.jpg,1000,665,car,205,553,312,597
00092.jpg,1000,665,car,148,563,277,622
00092.jpg,1000,665,car,115,582,250,647
00092.jpg,1000,665,car,56,621,201,663
00092.jpg,1000,665,car,363,382,427,407
00092.jpg,1000,665,car,322,409,379,434
00092.jpg,1000,665,car,294,409,367,439
00092.jpg,1000,665,car,273,418,353,447
00092.jpg,1000,665,car,262,427,329,453
00092.jpg,1000,665,car,251,434,323,463
00092.jpg,1000,665,car,230,441,302,473
00092.jpg,1000,665,car,198,445,273,480
00092.jpg,1000,665,car,167,453,254,490
00092.jpg,1000,665,car,134,464,237,505
00092.jpg,1000,665,car,85,489,181,529
00092.jpg,1000,665,car,61,507,145,545
00092.jpg,1000,665,car,1,513,124,568
00092.jpg,1000,665,car,1,541,82,583
00092.jpg,1000,665,car,1,496,49,533
00092.jpg,1000,665,car,8,491,82,528
00092.jpg,1000,665,car,23,472,114,510
00092.jpg,1000,665,car,72,470,142,502
00092.jpg,1000,665,car,125,445,201,481
00092.jpg,1000,665,car,189,429,269,460
00092.jpg,1000,665,car,208,417,277,447
00092.jpg,1000,665,car,221,408,294,440
00092.jpg,1000,665,car,280,393,339,417
00092.jpg,1000,665,car,900,237,956,267
00092.jpg,1000,665,car,900,237,956,267
00095.jpg,1000,664,car,1,295,53,328
00095.jpg,1000,664,car,18,304,82,330
00095.jpg,1000,664,car,18,304,82,330
00095.jpg,1000,664,car,53,305,116,331
00095.jpg,1000,664,car,171,282,224,316
00095.jpg,1000,664,car,221,312,281,341
00095.jpg,1000,664,car,47,403,140,448
00095.jpg,1000,664,car,455,321,499,357
00097.jpg,1000,664,car,21,194,133,228
00097.jpg,1000,664,car,442,288,510,317
00097.jpg,1000,664,car,442,288,510,317
00097.jpg,1000,664,car,498,390,574,424
00097.jpg,1000,664,car,878,300,939,326
00097.jpg,1000,664,car,904,309,966,334
00097.jpg,1000,664,car,881,336,950,360
00097.jpg,1000,664,car,894,346,972,378
00097.jpg,1000,664,car,709,320,771,347
00097.jpg,1000,664,car,664,347,734,374
00098.jpg,1000,664,car,106,42,202,72
00098.jpg,1000,664,car,739,201,809,230
00098.jpg,1000,664,car,837,226,905,249
00098.jpg,1000,664,car,437,176,488,222
00098.jpg,1000,664,car,268,200,327,229
00098.jpg,1000,664,car,326,205,422,236
00098.jpg,1000,664,car,328,231,406,261
00098.jpg,1000,664,car,314,239,399,273
00098.jpg,1000,664,car,89,273,188,315
00098.jpg,1000,664,car,230,279,326,318
00098.jpg,1000,664,car,374,282,466,318
00098.jpg,1000,664,car,41,304,102,353
00098.jpg,1000,664,car,1,327,60,384
00098.jpg,1000,664,car,66,339,131,378
00098.jpg,1000,664,car,94,312,158,355
00098.jpg,1000,664,car,152,306,212,360
00098.jpg,1000,664,car,128,329,187,385
00098.jpg,1000,664,car,216,321,265,360
00098.jpg,1000,664,car,205,339,253,380
00098.jpg,1000,664,car,273,319,323,359
00098.jpg,1000,664,car,261,335,320,385
00098.jpg,1000,664,car,339,321,385,362
00098.jpg,1000,664,car,1,389,59,441
00098.jpg,1000,664,car,20,423,105,480
00098.jpg,1000,664,car,72,393,134,440
00098.jpg,1000,664,car,139,384,210,448
00098.jpg,1000,664,car,193,427,265,488
00098.jpg,1000,664,car,284,419,355,489
00098.jpg,1000,664,car,375,403,433,451
00098.jpg,1000,664,car,381,439,438,488
00098.jpg,1000,664,car,307,507,393,589
00099.jpg,1000,664,car,169,425,225,455
00099.jpg,1000,664,car,65,441,120,478
00099.jpg,1000,664,car,18,447,73,482
00099.jpg,1000,664,car,879,402,932,437
00099.jpg,1000,664,car,525,402,584,436
00099.jpg,1000,664,car,554,408,606,441
00099.jpg,1000,664,car,605,424,664,455
00099.jpg,1000,664,car,904,465,973,508
00099.jpg,1000,664,car,434,414,500,445
00099.jpg,1000,664,car,492,419,554,455
00099.jpg,1000,664,car,492,419,554,455
00099.jpg,1000,664,car,307,441,378,471
00099.jpg,1000,664,car,328,451,399,480
00099.jpg,1000,664,car,356,456,437,489
00099.jpg,1000,664,car,390,463,463,499
00099.jpg,1000,664,car,428,469,505,504
00099.jpg,1000,664,car,231,456,315,489
00099.jpg,1000,664,car,261,462,339,498
00099.jpg,1000,664,car,279,464,369,510
00099.jpg,1000,664,car,303,481,390,523
00099.jpg,1000,664,car,348,489,434,532
00099.jpg,1000,664,car,359,493,473,548
00099.jpg,1000,664,car,396,510,503,562
00099.jpg,1000,664,car,444,523,540,576
00099.jpg,1000,664,car,488,533,580,589
00099.jpg,1000,664,car,520,542,616,606
00099.jpg,1000,664,car,570,553,672,626
00099.jpg,1000,664,car,635,571,722,646
00099.jpg,1000,664,car,685,583,786,662
00099.jpg,1000,664,car,748,619,860,661
00099.jpg,1000,664,car,821,574,915,643
00099.jpg,1000,664,car,64,510,166,554
00099.jpg,1000,664,car,82,526,182,567
00099.jpg,1000,664,car,92,532,201,587
00099.jpg,1000,664,car,117,547,225,601
00099.jpg,1000,664,car,148,546,257,616
00099.jpg,1000,664,car,165,579,296,646
00099.jpg,1000,664,car,191,597,322,662
00099.jpg,1000,664,car,233,616,380,662
00105.jpg,1000,664,car,403,413,447,446
00105.jpg,1000,664,car,453,409,499,441
00105.jpg,1000,664,car,498,402,550,438
00105.jpg,1000,664,car,542,395,588,431
00105.jpg,1000,664,car,578,386,637,426
00105.jpg,1000,664,car,617,386,677,422
00105.jpg,1000,664,car,656,387,707,416
00105.jpg,1000,664,car,692,384,750,412
00105.jpg,1000,664,car,728,374,785,410
00105.jpg,1000,664,car,769,370,828,399
00105.jpg,1000,664,car,796,368,849,399
00105.jpg,1000,664,car,826,366,879,394
00105.jpg,1000,664,car,853,361,912,394
00105.jpg,1000,664,car,882,360,937,386
00105.jpg,1000,664,car,427,425,485,474
00105.jpg,1000,664,car,476,429,532,466
00105.jpg,1000,664,car,525,417,592,463
00105.jpg,1000,664,car,571,406,633,453
00105.jpg,1000,664,car,617,412,678,446
00105.jpg,1000,664,car,656,401,718,441
00105.jpg,1000,664,car,770,391,835,427
00105.jpg,1000,664,car,810,389,878,421
00105.jpg,1000,664,car,843,381,907,415
00105.jpg,1000,664,car,887,381,943,409
00105.jpg,1000,664,car,913,377,972,407
00105.jpg,1000,664,car,537,488,625,550
00105.jpg,1000,664,car,602,480,690,537
00105.jpg,1000,664,car,663,469,752,523
00105.jpg,1000,664,car,763,458,864,505
00105.jpg,1000,664,car,826,449,922,500
00105.jpg,1000,664,car,883,449,981,494
00105.jpg,1000,664,car,912,438,995,484
00105.jpg,1000,664,car,592,534,697,609
00105.jpg,1000,664,car,667,517,792,597
00105.jpg,1000,664,car,736,514,856,582
00105.jpg,1000,664,car,784,498,908,567
00105.jpg,1000,664,car,846,495,979,555
00105.jpg,1000,664,car,908,488,995,541
00106.jpg,1000,664,car,136,424,211,450
00106.jpg,1000,664,car,135,441,220,467
00106.jpg,1000,664,car,139,444,219,474
00106.jpg,1000,664,car,211,403,270,429
00106.jpg,1000,664,car,235,436,309,472
00106.jpg,1000,664,car,240,450,328,486
00106.jpg,1000,664,car,649,410,726,444
00106.jpg,1000,664,car,454,424,526,446
00106.jpg,1000,664,car,477,430,549,456
00106.jpg,1000,664,car,427,441,518,471
00106.jpg,1000,664,car,444,454,535,489
00106.jpg,1000,664,car,470,465,570,507
00106.jpg,1000,664,car,138,487,241,525
00106.jpg,1000,664,car,128,507,252,554
00106.jpg,1000,664,car,121,513,254,571
00106.jpg,1000,664,car,121,513,254,571
00106.jpg,1000,664,car,158,525,294,584
00106.jpg,1000,664,car,152,553,296,611
00106.jpg,1000,664,car,175,571,327,639
00106.jpg,1000,664,car,175,571,327,639
00106.jpg,1000,664,car,148,597,331,662
00106.jpg,1000,664,car,332,558,472,614
00106.jpg,1000,664,car,339,584,476,646
00106.jpg,1000,664,car,355,606,534,661
00106.jpg,1000,664,car,355,606,534,661
00106.jpg,1000,664,car,701,442,773,468
00106.jpg,1000,664,car,701,442,773,468
00106.jpg,1000,664,car,758,436,820,464
00106.jpg,1000,664,car,789,440,853,468
00106.jpg,1000,664,car,815,448,870,474
00106.jpg,1000,664,car,846,451,914,482
00106.jpg,1000,664,car,718,562,855,626
00106.jpg,1000,664,car,882,460,946,491
00106.jpg,1000,664,car,859,424,921,450
00106.jpg,1000,664,car,902,419,961,445
00106.jpg,1000,664,car,837,601,975,661
00107.jpg,1000,664,car,23,350,65,389
00107.jpg,1000,664,car,75,360,119,401
00107.jpg,1000,664,car,644,312,724,355
00107.jpg,1000,664,car,630,344,693,369
00107.jpg,1000,664,car,581,350,637,378
00107.jpg,1000,664,car,548,349,610,386
00107.jpg,1000,664,car,521,359,577,392
00107.jpg,1000,664,car,485,362,550,399
00107.jpg,1000,664,car,485,362,550,399
00107.jpg,1000,664,car,455,369,515,406
00107.jpg,1000,664,car,415,376,478,414
00107.jpg,1000,664,car,382,385,445,422
00107.jpg,1000,664,car,339,391,408,433
00107.jpg,1000,664,car,287,391,365,442
00107.jpg,1000,664,car,254,408,313,450
00107.jpg,1000,664,car,254,408,313,450
00107.jpg,1000,664,car,214,386,265,424
00107.jpg,1000,664,car,171,395,222,435
00107.jpg,1000,664,car,203,420,267,464
00107.jpg,1000,664,car,143,415,212,474
00107.jpg,1000,664,car,117,406,172,447
00107.jpg,1000,664,car,66,413,120,457
00107.jpg,1000,664,car,4,422,54,469
00107.jpg,1000,664,car,23,448,87,507
00107.jpg,1000,664,car,175,504,268,577
00107.jpg,1000,664,car,259,499,332,559
00107.jpg,1000,664,car,316,476,393,546
00107.jpg,1000,664,car,366,466,450,526
00107.jpg,1000,664,car,416,442,499,509
00107.jpg,1000,664,car,471,440,562,494
00107.jpg,1000,664,car,517,431,602,482
00107.jpg,1000,664,car,554,421,640,468
00107.jpg,1000,664,car,591,400,682,456
00107.jpg,1000,664,car,629,401,706,442
00107.jpg,1000,664,car,664,394,732,430
00108.jpg,1000,664,car,476,331,536,358
00108.jpg,1000,664,car,708,369,746,407
00108.jpg,1000,664,car,643,417,684,458
00108.jpg,1000,664,car,695,417,745,460
00108.jpg,1000,664,car,738,416,790,460
00108.jpg,1000,664,car,787,416,841,460
00108.jpg,1000,664,car,834,412,887,456
00108.jpg,1000,664,car,657,442,707,490
00108.jpg,1000,664,car,714,438,768,490
00108.jpg,1000,664,car,763,432,825,494
00108.jpg,1000,664,car,819,443,884,496
00108.jpg,1000,664,car,871,440,938,491
00108.jpg,1000,664,car,912,430,995,494
00108.jpg,1000,664,car,785,529,870,606
00108.jpg,1000,664,car,870,539,949,609
00110.jpg,1000,664,car,37,266,103,291
00110.jpg,1000,664,car,12,288,77,315
00110.jpg,1000,664,car,206,296,275,323
00110.jpg,1000,664,car,99,303,175,335
00110.jpg,1000,664,car,42,316,126,355
00110.jpg,1000,664,car,1,335,95,370
00110.jpg,1000,664,car,402,288,496,326
00110.jpg,1000,664,car,316,333,400,364
00110.jpg,1000,664,car,429,316,505,344
00110.jpg,1000,664,car,413,335,485,364
00110.jpg,1000,664,car,394,339,478,376
00110.jpg,1000,664,car,384,355,463,388
00110.jpg,1000,664,car,366,364,462,403
00110.jpg,1000,664,car,353,384,451,426
00110.jpg,1000,664,car,323,400,431,443
00110.jpg,1000,664,car,304,420,425,465
00110.jpg,1000,664,car,269,441,419,496
00110.jpg,1000,664,car,223,459,405,533
00110.jpg,1000,664,car,201,500,365,564
00110.jpg,1000,664,car,182,539,364,621
00110.jpg,1000,664,car,37,491,184,555
00110.jpg,1000,664,car,1,531,164,608
00110.jpg,1000,664,car,1,578,119,661
00110.jpg,1000,664,car,102,577,324,662
00110.jpg,1000,664,car,581,330,664,366
00110.jpg,1000,664,car,596,359,681,387
00110.jpg,1000,664,car,601,371,693,404
00110.jpg,1000,664,car,604,378,710,424
00110.jpg,1000,664,car,598,403,713,446
00110.jpg,1000,664,car,609,425,725,472
00110.jpg,1000,664,car,598,446,736,502
00110.jpg,1000,664,car,598,467,734,535
00110.jpg,1000,664,car,598,510,751,576
00110.jpg,1000,664,car,604,547,773,629
00110.jpg,1000,664,car,605,600,781,662
00110.jpg,1000,664,car,820,304,889,331
00110.jpg,1000,664,car,851,314,912,341
00110.jpg,1000,664,car,921,329,994,364
00113.jpg,1000,664,car,7,425,123,484
00113.jpg,1000,664,car,110,430,206,485
00113.jpg,1000,664,car,195,429,259,464
00113.jpg,1000,664,car,260,428,425,484
00113.jpg,1000,664,car,388,428,443,465
00113.jpg,1000,664,car,437,431,486,467
00113.jpg,1000,664,car,492,431,542,465
00113.jpg,1000,664,car,544,415,594,465
00113.jpg,1000,664,car,605,427,650,464
00113.jpg,1000,664,car,653,414,710,463
00113.jpg,1000,664,car,718,421,769,458
00113.jpg,1000,664,car,773,403,841,456
00113.jpg,1000,664,car,841,408,902,452
00114.jpg,1000,750,car,28,361,95,385
00114.jpg,1000,750,car,216,368,284,391
00114.jpg,1000,750,car,1,443,65,475
00114.jpg,1000,750,car,1,456,51,486
00114.jpg,1000,750,car,83,449,146,476
00114.jpg,1000,750,car,64,457,131,484
00114.jpg,1000,750,car,63,467,131,496
00114.jpg,1000,750,car,45,479,109,507
00114.jpg,1000,750,car,17,500,94,533
00114.jpg,1000,750,car,4,519,69,547
00114.jpg,1000,750,car,1,532,63,569
00114.jpg,1000,750,car,247,435,311,462
00114.jpg,1000,750,car,245,449,307,473
00114.jpg,1000,750,car,223,473,297,502
00114.jpg,1000,750,car,200,502,274,534
00114.jpg,1000,750,car,211,522,270,548
00114.jpg,1000,750,car,120,582,204,620
00114.jpg,1000,750,car,130,600,215,643
00114.jpg,1000,750,car,113,619,204,659
00114.jpg,1000,750,car,110,635,193,674
00114.jpg,1000,750,car,94,651,182,686
00114.jpg,1000,750,car,83,664,174,702
00114.jpg,1000,750,car,328,446,391,471
00114.jpg,1000,750,car,314,458,398,495
00114.jpg,1000,750,car,295,493,367,525
00114.jpg,1000,750,car,284,514,361,547
00114.jpg,1000,750,car,255,555,344,600
00114.jpg,1000,750,car,236,594,326,635
00114.jpg,1000,750,car,232,615,317,647
00114.jpg,1000,750,car,220,629,305,661
00114.jpg,1000,750,car,212,641,304,680
00114.jpg,1000,750,car,208,657,298,694
00114.jpg,1000,750,car,478,367,607,408
00114.jpg,1000,750,car,745,363,807,391
00114.jpg,1000,750,car,501,444,557,474
00114.jpg,1000,750,car,487,456,557,485
00114.jpg,1000,750,car,483,467,553,495
00114.jpg,1000,750,car,492,479,554,503
00114.jpg,1000,750,car,476,495,559,527
00114.jpg,1000,750,car,483,508,558,546
00114.jpg,1000,750,car,495,522,550,549
00114.jpg,1000,750,car,490,532,559,564
00114.jpg,1000,750,car,475,543,559,576
00114.jpg,1000,750,car,482,554,557,589
00114.jpg,1000,750,car,476,566,556,605
00114.jpg,1000,750,car,471,588,564,625
00114.jpg,1000,750,car,470,602,555,635
00114.jpg,1000,750,car,464,615,558,659
00114.jpg,1000,750,car,430,637,563,703
00114.jpg,1000,750,car,572,476,641,503
00114.jpg,1000,750,car,585,496,666,527
00114.jpg,1000,750,car,575,506,642,533
00114.jpg,1000,750,car,577,516,651,547
00114.jpg,1000,750,car,579,527,655,559
00114.jpg,1000,750,car,579,540,666,578
00114.jpg,1000,750,car,582,557,653,582
00114.jpg,1000,750,car,581,571,655,600
00114.jpg,1000,750,car,591,592,670,624
00114.jpg,1000,750,car,581,606,680,654
00114.jpg,1000,750,car,586,625,678,660
00114.jpg,1000,750,car,588,637,678,670
00114.jpg,1000,750,car,596,654,688,698
00114.jpg,1000,750,car,745,496,780,539
00114.jpg,1000,750,car,78,713,180,748
00114.jpg,1000,750,car,198,714,314,748
00114.jpg,1000,750,car,331,703,503,748
00114.jpg,1000,750,car,471,708,581,748
00115.jpg,1000,761,car,1,376,44,410
00115.jpg,1000,761,car,25,381,85,419
00115.jpg,1000,761,car,80,387,145,426
00115.jpg,1000,761,car,132,388,197,427
00115.jpg,1000,761,car,155,394,239,442
00115.jpg,1000,761,car,213,401,305,449
00115.jpg,1000,761,car,284,410,387,465
00115.jpg,1000,761,car,382,424,479,483
00115.jpg,1000,761,car,428,431,541,490
00115.jpg,1000,761,car,511,437,624,506
00115.jpg,1000,761,car,700,461,822,533
00115.jpg,1000,761,car,891,412,956,476
00115.jpg,1000,761,car,951,404,995,447
00115.jpg,1000,761,car,4,421,54,457
00115.jpg,1000,761,car,57,431,118,470
00115.jpg,1000,761,car,1,453,62,506
00115.jpg,1000,761,car,17,463,99,518
00115.jpg,1000,761,car,136,455,230,511
00115.jpg,1000,761,car,518,591,675,700
00115.jpg,1000,761,car,657,622,804,718
00116.jpg,1000,750,car,319,489,461,552
00116.jpg,1000,750,car,734,376,820,408
00116.jpg,1000,750,car,748,391,821,423
00116.jpg,1000,750,car,712,416,811,455
00116.jpg,1000,750,car,886,319,995,388
00116.jpg,1000,750,car,880,335,995,433
00116.jpg,1000,750,car,868,398,995,518
00116.jpg,1000,750,car,475,422,571,459
00116.jpg,1000,750,car,523,404,603,434
00116.jpg,1000,750,car,540,390,613,419
00116.jpg,1000,750,car,562,383,619,412
00116.jpg,1000,750,car,572,378,628,405
00122.jpg,1000,750,car,578,296,662,363
00122.jpg,1000,750,car,96,603,195,732
00122.jpg,1000,750,car,392,541,499,654
00122.jpg,1000,750,car,473,526,597,646
00123.jpg,750,1000,car,1,535,107,624
00123.jpg,750,1000,car,99,527,219,607
00123.jpg,750,1000,car,186,521,324,599
00123.jpg,750,1000,car,338,489,462,561
00123.jpg,750,1000,car,413,486,538,551
00124.jpg,640,481,car,59,13,124,45
00124.jpg,640,481,car,54,25,119,61
00124.jpg,640,481,car,42,42,117,76
00124.jpg,640,481,car,56,60,125,100
00124.jpg,640,481,car,56,84,123,127
00124.jpg,640,481,car,59,110,120,140
00124.jpg,640,481,car,54,129,141,176
00124.jpg,640,481,car,43,164,141,213
00124.jpg,640,481,car,36,202,132,256
00124.jpg,640,481,car,214,16,260,75
00124.jpg,640,481,car,222,72,255,118
00124.jpg,640,481,car,170,221,240,290
00124.jpg,640,481,car,201,213,273,274
00124.jpg,640,481,car,233,204,304,259
00124.jpg,640,481,car,264,189,321,245
00124.jpg,640,481,car,320,217,384,270
00124.jpg,640,481,car,348,212,407,263
00124.jpg,640,481,car,378,212,436,261
00124.jpg,640,481,car,413,213,475,271
00124.jpg,640,481,car,519,220,568,250
00124.jpg,640,481,car,51,324,104,426
00124.jpg,640,481,car,113,330,170,429
00124.jpg,640,481,car,188,336,262,422
00124.jpg,640,481,car,254,347,324,427
00124.jpg,640,481,car,309,352,389,432
00124.jpg,640,481,car,358,358,440,439
00124.jpg,640,481,car,407,356,487,436
00124.jpg,640,481,car,455,363,531,437
00124.jpg,640,481,car,497,370,574,441
00125.jpg,1000,685,car,336,519,399,548
00125.jpg,1000,685,car,342,530,402,554
00125.jpg,1000,685,car,326,542,390,569
00125.jpg,1000,685,car,326,558,415,592
00125.jpg,1000,685,car,322,565,428,608
00125.jpg,1000,685,car,322,565,428,608
00125.jpg,1000,685,car,376,537,465,570
00125.jpg,1000,685,car,401,516,459,547
00125.jpg,1000,685,car,463,530,560,565
00125.jpg,1000,685,car,415,551,483,591
00125.jpg,1000,685,car,568,503,623,530
00125.jpg,1000,685,car,616,503,684,528
00125.jpg,1000,685,car,836,491,901,514
00125.jpg,1000,685,car,553,527,634,558
00125.jpg,1000,685,car,638,519,697,551
00125.jpg,1000,685,car,678,516,762,548
00125.jpg,1000,685,car,739,506,811,538
00125.jpg,1000,685,car,777,509,846,538
00125.jpg,1000,685,car,833,504,925,537
00125.jpg,1000,685,car,417,560,509,599
00125.jpg,1000,685,car,503,545,570,584
00125.jpg,1000,685,car,530,555,616,595
00125.jpg,1000,685,car,595,538,664,583
00125.jpg,1000,685,car,619,547,711,587
00125.jpg,1000,685,car,705,538,787,582
00125.jpg,1000,685,car,784,528,878,577
00125.jpg,1000,685,car,874,528,946,569
00125.jpg,1000,685,car,917,519,988,559
00125.jpg,1000,685,car,338,601,394,654
00125.jpg,1000,685,car,422,605,484,655
00125.jpg,1000,685,car,515,588,591,647
00125.jpg,1000,685,car,591,586,687,645
00125.jpg,1000,685,car,668,582,767,638
00125.jpg,1000,685,car,747,576,841,631
00125.jpg,1000,685,car,819,565,927,622
00125.jpg,1000,685,car,892,560,989,616
00125.jpg,1000,685,car,899,483,963,511
00125.jpg,1000,685,car,926,500,979,531
P1030458.jpg,1000,750,car,108,349,294,443
P1030458.jpg,1000,750,car,281,264,408,326
P1030458.jpg,1000,750,car,243,228,313,255
P1030458.jpg,1000,750,car,383,228,458,257
P1030458.jpg,1000,750,car,453,381,668,470
P1030458.jpg,1000,750,car,465,352,620,429
P1030458.jpg,1000,750,car,488,328,656,392
P1030458.jpg,1000,750,car,481,309,629,367
P1030458.jpg,1000,750,car,486,294,631,349
VIRAT_S_000203_06_001206_001266[14-46-45].jpg,1000,563,car,22,281,115,312
VIRAT_S_000203_06_001206_001266[14-46-45].jpg,1000,563,car,80,272,164,300
VIRAT_S_000203_06_001206_001266[14-46-45].jpg,1000,563,car,128,269,201,295
VIRAT_S_000203_06_001206_001266[14-46-45].jpg,1000,563,car,93,292,182,325
VIRAT_S_000203_06_001206_001266[14-46-45].jpg,1000,563,car,135,289,211,320
VIRAT_S_000203_06_001206_001266[14-46-45].jpg,1000,563,car,168,283,240,315
VIRAT_S_000203_06_001206_001266[14-46-45].jpg,1000,563,car,205,279,279,309
VIRAT_S_000203_06_001206_001266[14-46-45].jpg,1000,563,car,232,271,297,303
VIRAT_S_000203_06_001206_001266[14-46-45].jpg,1000,563,car,271,275,334,302
VIRAT_S_000203_06_001206_001266[14-46-45].jpg,1000,563,car,271,275,334,302
VIRAT_S_000203_06_001206_001266[14-46-45].jpg,1000,563,car,292,269,352,298
VIRAT_S_000203_06_001206_001266[14-46-45].jpg,1000,563,car,266,321,332,359
VIRAT_S_000203_06_001206_001266[14-46-45].jpg,1000,563,car,301,307,365,352
VIRAT_S_000203_06_001206_001266[14-46-45].jpg,1000,563,car,337,301,398,343
VIRAT_S_000203_06_001206_001266[14-46-45].jpg,1000,563,car,370,303,432,339
VIRAT_S_000203_06_001206_001266[14-46-45].jpg,1000,563,car,401,294,452,327
VIRAT_S_000203_06_001206_001266[14-46-45].jpg,1000,563,car,427,296,479,327
VIRAT_S_000203_06_001206_001266[14-46-45].jpg,1000,563,car,461,287,523,318
VIRAT_S_000203_06_001206_001266[14-46-45].jpg,1000,563,car,490,286,541,316
VIRAT_S_000203_06_001206_001266[14-46-45].jpg,1000,563,car,514,278,560,309
VIRAT_S_000203_06_001206_001266[14-46-45].jpg,1000,563,car,356,337,426,377
VIRAT_S_000203_06_001206_001266[14-46-45].jpg,1000,563,car,395,335,460,370
VIRAT_S_000203_06_001206_001266[14-46-45].jpg,1000,563,car,410,315,478,360
VIRAT_S_000203_06_001206_001266[14-46-45].jpg,1000,563,car,439,315,501,352
VIRAT_S_000203_06_001206_001266[14-46-45].jpg,1000,563,car,472,314,532,346
VIRAT_S_000203_06_001206_001266[14-46-45].jpg,1000,563,car,492,308,553,339
VIRAT_S_000203_06_001206_001266[14-46-45].jpg,1000,563,car,517,305,573,332
VIRAT_S_000203_06_001206_001266[14-46-45].jpg,1000,563,car,535,297,593,326
VIRAT_S_000203_06_001206_001266[14-46-45].jpg,1000,563,car,564,295,619,322
VIRAT_S_000203_06_001206_001266[14-46-45].jpg,1000,563,car,630,278,685,305
VIRAT_S_000203_06_001206_001266[14-46-45].jpg,1000,563,car,669,267,725,294
VIRAT_S_000203_06_001206_001266[14-46-45].jpg,1000,563,car,510,390,625,432
VIRAT_S_000203_06_001206_001266[14-46-45].jpg,1000,563,car,528,377,628,419
VIRAT_S_000203_06_001206_001266[14-46-45].jpg,1000,563,car,563,359,671,408
VIRAT_S_000203_06_001206_001266[14-46-45].jpg,1000,563,car,582,357,671,402
VIRAT_S_000203_06_001206_001266[14-46-45].jpg,1000,563,car,615,353,714,389
VIRAT_S_000203_06_001206_001266[14-46-45].jpg,1000,563,car,630,346,725,382
VIRAT_S_000203_06_001206_001266[14-46-45].jpg,1000,563,car,653,335,747,375
VIRAT_S_000203_06_001206_001266[14-46-45].jpg,1000,563,car,666,326,752,364
VIRAT_S_000203_06_001206_001266[14-46-45].jpg,1000,563,car,710,330,792,360
VIRAT_S_000203_06_001206_001266[14-46-45].jpg,1000,563,car,710,316,791,350
VIRAT_S_000203_06_001206_001266[14-46-45].jpg,1000,563,car,732,317,814,349
VIRAT_S_000203_06_001206_001266[14-46-45].jpg,1000,563,car,740,312,822,340
VIRAT_S_000203_06_001206_001266[14-46-45].jpg,1000,563,car,749,307,827,335
VIRAT_S_000203_06_001206_001266[14-46-45].jpg,1000,563,car,769,303,839,331
VIRAT_S_000203_06_001206_001266[14-46-45].jpg,1000,563,car,837,275,904,304
VIRAT_S_000203_06_001206_001266[14-46-45].jpg,1000,563,car,703,441,796,509
VIRAT_S_000203_06_001206_001266[14-46-45].jpg,1000,563,car,911,325,952,366
VIRAT_S_010109_05_000602_000678[14-47-45].jpg,1000,563,car,1,219,68,244
VIRAT_S_010109_05_000602_000678[14-47-45].jpg,1000,563,car,6,205,84,230
VIRAT_S_010109_05_000602_000678[14-47-45].jpg,1000,563,car,33,198,103,221
VIRAT_S_010109_05_000602_000678[14-47-45].jpg,1000,563,car,79,193,145,217
VIRAT_S_010109_05_000602_000678[14-47-45].jpg,1000,563,car,145,179,205,203
VIRAT_S_010109_05_000602_000678[14-47-45].jpg,1000,563,car,49,214,123,240
VIRAT_S_010109_05_000602_000678[14-47-45].jpg,1000,563,car,97,208,160,231
VIRAT_S_010109_05_000602_000678[14-47-45].jpg,1000,563,car,129,196,190,225
VIRAT_S_010109_05_000602_000678[14-47-45].jpg,1000,563,car,94,292,163,339
VIRAT_S_010109_05_000602_000678[14-47-45].jpg,1000,563,car,160,243,214,281
VIRAT_S_010109_05_000602_000678[14-47-45].jpg,1000,563,car,194,236,253,271
VIRAT_S_010109_05_000602_000678[14-47-45].jpg,1000,563,car,236,230,291,261
VIRAT_S_010109_05_000602_000678[14-47-45].jpg,1000,563,car,273,223,325,253
VIRAT_S_010109_05_000602_000678[14-47-45].jpg,1000,563,car,308,242,364,271
VIRAT_S_010109_05_000602_000678[14-47-45].jpg,1000,563,car,303,207,360,246
VIRAT_S_010109_05_000602_000678[14-47-45].jpg,1000,563,car,195,271,253,306
VIRAT_S_010109_05_000602_000678[14-47-45].jpg,1000,563,car,338,208,393,239
VIRAT_S_010109_05_000602_000678[14-47-45].jpg,1000,563,car,364,203,414,233
VIRAT_S_010109_05_000602_000678[14-47-45].jpg,1000,563,car,371,214,440,254
VIRAT_S_010109_05_000602_000678[14-47-45].jpg,1000,563,car,396,212,453,243
VIRAT_S_010109_05_000602_000678[14-47-45].jpg,1000,563,car,429,210,483,237
VIRAT_S_010109_05_000602_000678[14-47-45].jpg,1000,563,car,472,199,528,225
VIRAT_S_010109_05_000602_000678[14-47-45].jpg,1000,563,car,246,342,372,389
VIRAT_S_010109_05_000602_000678[14-47-45].jpg,1000,563,car,335,314,452,352
VIRAT_S_010109_05_000602_000678[14-47-45].jpg,1000,563,car,384,295,495,335
VIRAT_S_010109_05_000602_000678[14-47-45].jpg,1000,563,car,492,263,587,295
VIRAT_S_010109_05_000602_000678[14-47-45].jpg,1000,563,car,521,251,607,283
VIRAT_S_010109_05_000602_000678[14-47-45].jpg,1000,563,car,546,242,641,274
VIRAT_S_010109_05_000602_000678[14-47-45].jpg,1000,563,car,569,223,661,260
VIRAT_S_010109_05_000602_000678[14-47-45].jpg,1000,563,car,702,216,796,257
VIRAT_S_010109_05_000602_000678[14-47-45].jpg,1000,563,car,740,204,828,240
VIRAT_S_010109_05_000602_000678[14-47-45].jpg,1000,563,car,671,169,768,219
VIRAT_S_010109_05_000602_000678[14-47-45].jpg,1000,563,car,380,348,523,400
VIRAT_S_010109_05_000602_000678[14-47-45].jpg,1000,563,car,421,336,534,374
VIRAT_S_010109_05_000602_000678[14-47-45].jpg,1000,563,car,463,295,593,356
VIRAT_S_010109_05_000602_000678[14-47-45].jpg,1000,563,car,535,295,635,339
VIRAT_S_010109_05_000602_000678[14-47-45].jpg,1000,563,car,564,288,653,324
VIRAT_S_010109_05_000602_000678[14-47-45].jpg,1000,563,car,600,267,687,298
VIRAT_S_010109_05_000602_000678[14-47-45].jpg,1000,563,car,625,250,714,285
VIRAT_S_010109_05_000602_000678[14-47-45].jpg,1000,563,car,648,246,735,275
VIRAT_S_010109_05_000602_000678[14-47-45].jpg,1000,563,car,753,396,890,469
VIRAT_S_010109_05_000602_000678[14-47-45].jpg,1000,563,car,788,357,935,440
VIRAT_S_040103_02_000199_000279[14-49-10].jpg,1001,563,car,185,186,272,248
VIRAT_S_040103_02_000199_000279[14-49-10].jpg,1001,563,car,251,161,347,227
VIRAT_S_040103_02_000199_000279[14-49-10].jpg,1001,563,car,326,158,422,216
VIRAT_S_040103_02_000199_000279[14-49-10].jpg,1001,563,car,385,152,473,200
VIRAT_S_040103_02_000199_000279[14-49-10].jpg,1001,563,car,433,140,529,186
VIRAT_S_040103_02_000199_000279[14-49-10].jpg,1001,563,car,123,266,230,366
VIRAT_S_040103_02_000199_000279[14-49-10].jpg,1001,563,car,346,332,515,482
VIRAT_S_040103_02_000199_000279[14-49-10].jpg,1001,563,car,453,303,604,422
VIRAT_S_040103_02_000199_000279[14-49-10].jpg,1001,563,car,604,259,754,362
VIRAT_S_050203_07_001288_001531[14-51-24].jpg,1001,563,car,416,1,481,23
VIRAT_S_050203_07_001288_001531[14-51-24].jpg,1001,563,car,439,11,501,34
VIRAT_S_050203_07_001288_001531[14-51-24].jpg,1001,563,car,451,22,540,65
VIRAT_S_050203_07_001288_001531[14-51-24].jpg,1001,563,car,268,41,336,82
VIRAT_S_050203_07_001288_001531[14-51-24].jpg,1001,563,car,95,39,182,70
VIRAT_S_050203_07_001288_001531[14-51-24].jpg,1001,563,car,262,77,341,118
VIRAT_S_050203_07_001288_001531[14-51-24].jpg,1001,563,car,260,99,344,135
VIRAT_S_050203_07_001288_001531[14-51-24].jpg,1001,563,car,268,118,352,165
VIRAT_S_050203_07_001288_001531[14-51-24].jpg,1001,563,car,256,142,351,193
VIRAT_S_050203_07_001288_001531[14-51-24].jpg,1001,563,car,279,181,373,232
VIRAT_S_050203_07_001288_001531[14-51-24].jpg,1001,563,car,283,201,398,270
VIRAT_S_050203_07_001288_001531[14-51-24].jpg,1001,563,car,281,247,398,309
VIRAT_S_050203_07_001288_001531[14-51-24].jpg,1001,563,car,295,291,419,363
VIRAT_S_050203_07_001288_001531[14-51-24].jpg,1001,563,car,326,460,476,550
VIRAT_S_050203_07_001288_001531[14-51-24].jpg,1001,563,car,348,63,423,96
VIRAT_S_050203_07_001288_001531[14-51-24].jpg,1001,563,car,340,79,427,112
VIRAT_S_050203_07_001288_001531[14-51-24].jpg,1001,563,car,354,98,440,134
VIRAT_S_050203_07_001288_001531[14-51-24].jpg,1001,563,car,368,131,472,175
VIRAT_S_050203_07_001288_001531[14-51-24].jpg,1001,563,car,376,158,473,205
VIRAT_S_050203_07_001288_001531[14-51-24].jpg,1001,563,car,422,245,537,304
VIRAT_S_050203_07_001288_001531[14-51-24].jpg,1001,563,car,427,318,569,377
VIRAT_S_050203_07_001288_001531[14-51-24].jpg,1001,563,car,478,366,617,426
VIRAT_S_050203_07_001288_001531[14-51-24].jpg,1001,563,car,457,398,598,465
VIRAT_S_050203_07_001288_001531[14-51-24].jpg,1001,563,car,472,451,621,527
VIRAT_S_050203_07_001288_001531[14-51-24].jpg,1001,563,car,635,108,723,156
VIRAT_S_050203_07_001288_001531[14-51-24].jpg,1001,563,car,708,154,794,197
VIRAT_S_050203_07_001288_001531[14-51-24].jpg,1001,563,car,797,204,878,252
park_0048.jpg,1000,563,car,1,398,31,470
park_0048.jpg,1000,563,car,1,443,58,519
park_0048.jpg,1000,563,car,27,476,92,551
park_0048.jpg,1000,563,car,130,300,210,333
park_0048.jpg,1000,563,car,148,338,220,374
park_0048.jpg,1000,563,car,182,379,257,418
park_0048.jpg,1000,563,car,203,413,294,459
park_0048.jpg,1000,563,car,242,456,322,500
park_0048.jpg,1000,563,car,279,496,356,545
park_0048.jpg,1000,563,car,293,539,374,561
park_0048.jpg,1000,563,car,194,248,273,283
park_0048.jpg,1000,563,car,268,334,337,368
park_0048.jpg,1000,563,car,302,368,376,407
park_0048.jpg,1000,563,car,324,410,394,446
park_0048.jpg,1000,563,car,345,449,417,488
park_0048.jpg,1000,563,car,380,488,449,526
park_0048.jpg,1000,563,car,414,533,477,561
park_0048.jpg,1000,563,car,357,136,406,197
park_0048.jpg,1000,563,car,388,174,444,238
park_0048.jpg,1000,563,car,409,212,465,278
park_0048.jpg,1000,563,car,438,256,493,324
park_0048.jpg,1000,563,car,475,282,520,343
park_0048.jpg,1000,563,car,496,326,549,394
park_0048.jpg,1000,563,car,527,372,570,424
park_0048.jpg,1000,563,car,554,408,604,466
park_0048.jpg,1000,563,car,585,439,634,506
park_0048.jpg,1000,563,car,613,472,659,541
park_0048.jpg,1000,563,car,543,243,603,305
park_0048.jpg,1000,563,car,606,306,665,374
park_0048.jpg,1000,563,car,705,450,762,507
park_0048.jpg,1000,563,car,784,393,834,438
park_0048.jpg,1000,563,car,689,252,747,315
park_0048.jpg,1000,563,car,511,23,569,79
park_0048.jpg,1000,563,car,838,303,901,360
park_0048.jpg,1000,563,car,938,219,997,259
